Model,MSE,RMSE,MAE,MAPE,sMAPE,wMAPE
LinearRegression,47558652.04120298,6580.2127662583325,5145.572340337405,12.760109830333391,13.580425280846853,11.938484068109243
